-895.988340,-648.771840,0.000000
-1403.097810,-1000.369230,0.000000
-1370.326950,-977.004530,0.000000
-809.351030,-577.044490,0.000000
56.830840,40.518790,0.000000
885.693110,631.474250,0.000000
1355.541390,966.462850,0.000000
1294.868430,923.204730,0.000000
746.947560,532.552580,0.000000
-55.383500,-39.486870,0.000000
-791.055950,-572.925240,0.000000
-1183.015530,-857.680510,0.000000
-1105.355740,-801.377530,0.000000
-622.790740,-451.520260,0.000000
49.014200,35.535060,0.000000
640.262470,464.187180,0.000000
936.937970,679.275470,0.000000
858.263380,622.236780,0.000000
473.870760,343.554000,0.000000
-39.632900,-28.733660,0.000000
-478.259480,-346.735800,0.000000
-690.636220,-500.707900,0.000000
-627.232680,-454.740640,0.000000
-344.561090,-249.805110,0.000000
30.041800,21.780160,0.000000
353.326440,256.159950,0.000000
517.515140,375.195960,0.000000
481.111260,348.803320,0.000000
273.410280,198.221130,0.000000
-23.085550,-16.736910,0.000000
-302.695810,-219.452990,0.000000
-469.166130,-340.143170,0.000000
-463.442360,-335.993460,0.000000
-281.614570,-204.169190,0.000000
20.844750,15.112350,0.000000
341.450520,247.549960,0.000000
559.996820,405.994970,0.000000
579.495900,420.131710,0.000000
366.727360,265.875560,0.000000
-23.990400,-17.392930,0.000000
-458.042230,-332.078390,0.000000
-762.937660,-553.126090,0.000000
-794.683610,-576.141750,0.000000
-503.389780,-364.955140,0.000000
31.576690,22.892950,0.000000
617.734500,447.854510,0.000000
1017.515600,737.693860,0.000000
1044.879660,757.532670,0.000000
650.874240,471.880660,0.000000
-41.344550,-29.974600,0.000000
-772.922300,-560.364900,0.000000
-1247.855430,-904.689120,0.000000
-1255.518070,-910.244500,0.000000
-765.217480,-554.778950,0.000000
50.397330,36.537820,0.000000
877.365200,636.085510,0.000000
1385.317850,993.623640,0.000000
1363.833000,978.213560,0.000000
812.361970,582.669210,0.000000
-56.013880,-40.176130,0.000000
-899.948240,-645.490730,0.000000
-1388.940610,-996.222070,0.000000
-1337.541870,-959.356160,0.000000
-778.248870,-558.201480,0.000000
56.532650,40.548230,0.000000
833.922150,601.185620,0.000000
1257.637460,906.647660,0.000000
1184.476590,853.905000,0.000000
673.035570,485.200340,0.000000
-51.797830,-37.341750,0.000000
-698.973290,-503.899180,0.000000
-1030.541210,-742.930930,0.000000
-950.258990,-685.054400,0.000000
-528.094440,-380.710340,0.000000
43.229860,31.164980,0.000000
535.324560,385.922630,0.000000
775.331290,558.946690,0.000000
704.684640,508.016570,0.000000
386.609260,278.711780,0.000000
-33.364190,-24.052690,0.000000
-391.732400,-282.405120,0.000000
-568.059840,-409.521930,0.000000
-520.936160,-375.549840,0.000000
-290.741530,-209.599450,0.000000
25.149750,18.130790,0.000000
310.994720,224.200250,0.000000
470.496520,339.187230,0.000000
453.775730,327.132990,0.000000
269.068670,193.975200,0.000000
-21.039170,-15.167420,0.000000
-317.176380,-228.656690,0.000000
-511.717120,-368.903710,0.000000
-523.216740,-377.193940,0.000000
-328.046050,-236.492780,0.000000
22.247660,16.038640,0.000000
408.427110,294.440560,0.000000
679.438690,489.816430,0.000000
708.563130,510.812630,0.000000
450.092660,324.477810,0.000000
-28.419180,-20.487770,0.000000
-557.556520,-401.949950,0.000000
-923.674970,-665.889630,0.000000
-954.582940,-688.171600,0.000000
-598.847010,-431.716810,0.000000
37.723020,27.195030,0.000000
720.129900,519.151270,0.000000
1171.641440,844.651970,0.000000
1187.957570,856.414490,0.000000
729.973950,526.247980,0.000000
-47.370970,-34.150370,0.000000
-847.684920,-611.107390,0.000000
-1349.447400,-972.834670,0.000000
-1339.136850,-965.401650,0.000000
-804.398420,-579.901570,0.000000
54.493970,39.285430,0.000000
902.214420,650.418430,0.000000
1404.095280,1005.425880,0.000000
1363.072600,976.050900,0.000000
799.928870,572.802430,0.000000
-56.983620,-40.804080,0.000000
-867.479180,-621.172950,0.000000
-1319.304100,-944.709740,0.000000
-1252.628790,-896.965770,0.000000
-717.916990,-514.076450,0.000000
54.073770,38.720420,0.000000
753.802890,547.514950,0.000000
1120.346330,813.749020,0.000000
1040.720090,755.913540,0.000000
582.785180,423.298460,0.000000
-46.643720,-33.879060,0.000000
-595.102650,-432.245090,0.000000
-866.505860,-629.375290,0.000000
-790.495810,-574.166380,0.000000
-434.819420,-315.825440,0.000000
36.909080,26.808430,0.000000
438.636580,318.597990,0.000000
633.435500,460.087660,0.000000
576.522970,418.749980,0.000000
318.107700,231.053400,0.000000
-27.767360,-20.168460,0.000000
-331.047620,-240.452150,0.000000
-490.589630,-356.333410,0.000000
-462.575120,-335.985440,0.000000
-267.429560,-194.243990,0.000000
21.953800,15.945860,0.000000
304.400250,221.097170,0.000000
480.543730,349.036700,0.000000
482.607070,350.535380,0.000000
297.892320,216.370230,0.000000
-21.181470,-15.384890,0.000000
-366.631010,-266.297680,0.000000
-606.283650,-440.366260,0.000000
-630.646250,-458.061720,0.000000
-400.405710,-290.829490,0.000000
25.692530,18.661440,0.000000
499.196180,362.584670,0.000000
830.342670,603.108620,0.000000
862.579040,626.523090,0.000000
544.437310,395.444980,0.000000
-34.138560,-24.796100,0.000000
-662.603590,-481.273520,0.000000
-1085.945560,-788.762470,0.000000
-1109.284590,-805.714470,0.000000
-687.054560,-499.033170,0.000000
44.004150,31.961850,0.000000
808.131800,586.976050,0.000000
1296.922820,942.003060,0.000000
1297.238040,942.232020,0.000000
785.759760,570.726410,0.000000
-52.345340,-38.020360,0.000000
-892.421440,-648.198730,0.000000
-1400.397340,-998.681430,0.000000
-1370.434900,-977.313970,0.000000
-811.134000,-578.453300,0.000000
56.707830,40.440700,0.000000
890.356870,634.950410,0.000000
1365.536340,973.820600,0.000000
1307.060020,932.118710,0.000000
755.619480,538.863590,0.000000
-55.738420,-39.749380,0.000000
-802.550170,-580.310500,0.000000
-1202.731550,-869.674900,0.000000
-1125.996620,-814.189160,0.000000
-635.757230,-459.705330,0.000000
49.755730,35.977530,0.000000
655.170830,473.742980,0.000000
960.490740,694.514650,0.000000
881.205800,637.185050,0.000000
487.254930,352.325830,0.000000
-40.540610,-29.314230,0.000000
-492.148580,-355.864340,0.000000
-711.009890,-514.119260,0.000000
-645.636390,-466.848780,0.000000
-354.395860,-256.257670,0.000000
30.839600,22.299590,0.000000
362.044320,261.788150,0.000000
528.638270,382.249410,0.000000
489.488600,353.940950,0.000000
276.757250,200.118500,0.000000
-23.541260,-17.022280,0.000000
-303.643400,-219.559420,0.000000
-467.722750,-338.202440,0.000000
-459.302770,-332.114090,0.000000
-277.476210,-200.638370,0.000000
20.829790,15.061670,0.000000
334.349470,241.762460,0.000000
546.417080,395.104970,0.000000
564.070570,407.869920,0.000000
356.340860,257.664070,0.000000
-23.496890,-16.990210,0.000000
-445.009680,-321.778990,0.000000
-741.274270,-536.002920,0.000000
-772.569880,-558.632250,0.000000
-489.849020,-354.201560,0.000000
30.756580,22.239560,0.000000
602.645900,435.763090,0.000000
994.217010,718.901550,0.000000
1022.667400,739.473550,0.000000
638.199770,461.471490,0.000000
-40.442580,-29.243350,0.000000
-760.278360,-549.744460,0.000000
-1229.867930,-889.296760,0.000000
-1239.829810,-896.500030,0.000000
-757.206250,-547.523070,0.000000
49.669720,35.915340,0.000000
870.954540,629.772540,0.000000
1378.002200,991.939550,0.000000
1359.342460,978.507550,0.000000
811.393020,584.072240,0.000000
-55.686290,-40.085150,0.000000
-901.652700,-649.044670,0.000000
-1394.473280,-1003.796070,0.000000
-1345.579570,-968.600480,0.000000
-784.611160,-564.793610,0.000000
56.726120,40.833670,0.000000
843.244280,608.297020,0.000000
1274.372270,919.302830,0.000000
1202.657600,867.569510,0.000000
684.841840,494.029140,0.000000
-52.430930,-37.822470,0.000000
-713.136440,-514.440220,0.000000
-1053.496430,-759.968080,0.000000
-973.161670,-702.016430,0.000000
-541.817820,-390.854910,0.000000
44.107810,31.818360,0.000000
550.101590,396.830630,0.000000
797.658220,575.412280,0.000000
725.483500,523.347100,0.000000
398.150010,287.216260,0.000000
-34.236440,-24.697380,0.000000
-402.725390,-290.516830,0.000000
-583.106750,-420.639790,0.000000
-533.434450,-384.807330,0.000000
-296.677880,-214.016590,0.000000
25.757310,18.580730,0.000000
314.933740,227.185950,0.000000
473.779870,341.773900,0.000000
454.246790,327.683180,0.000000
267.625430,193.058830,0.000000
-21.196680,-15.290800,0.000000
-312.876920,-225.702210,0.000000
-502.258870,-362.317990,0.000000
-511.518860,-368.997930,0.000000
-319.653530,-230.590700,0.000000
21.910200,15.805520,0.000000
397.173980,286.512170,0.000000
660.054220,476.147920,0.000000
688.185250,496.441000,0.000000
437.256700,315.426920,0.000000
-27.701240,-19.983040,0.000000
-542.703940,-391.494130,0.000000
-900.149600,-649.347210,0.000000
-931.596740,-672.032450,0.000000
-585.390610,-422.287310,0.000000
36.819530,26.560760,0.000000
706.095150,509.360790,0.000000
1150.981990,830.291920,0.000000
1169.213480,843.443690,0.000000
719.890760,519.312630,0.000000
-46.558920,-33.586530,0.000000
-838.655270,-604.986610,0.000000
-1337.806340,-965.062700,0.000000
-1330.224140,-959.593080,0.000000
-800.705410,-577.610450,0.000000
54.016270,38.966100,0.000000
900.901800,649.889830,0.000000
1404.946270,1003.741130,0.000000
1366.644870,976.377320,0.000000
803.734980,574.215450,0.000000
-56.969580,-40.700990,0.000000
-874.245680,-624.590680,0.000000
-1332.394490,-951.907690,0.000000
-1267.614370,-905.626580,0.000000
-728.078120,-520.163630,0.000000
54.537830,38.963670,0.000000
766.651200,557.457910,0.000000
1141.771110,832.573170,0.000000
1062.659620,774.885500,0.000000
596.280580,434.804500,0.000000
-47.465690,-34.611720,0.000000
-610.182730,-444.941860,0.000000
-889.883840,-648.898370,0.000000
-812.850730,-592.726250,0.000000
-447.619200,-326.401440,0.000000
37.822480,27.579950,0.000000
451.470140,329.209520,0.000000
651.801530,475.290060,0.000000
592.634880,432.146070,0.000000
326.399020,238.008360,0.000000
-28.503540,-20.784630,0.000000
-337.808700,-246.328230,0.000000
-498.468040,-363.480130,0.000000
-467.637490,-340.998670,0.000000
-268.736750,-195.961350,0.000000
22.286090,16.250890,0.000000
303.078470,221.003140,0.000000
475.583090,346.792560,0.000000
475.110480,346.447930,0.000000
291.831600,212.801980,0.000000
-21.020580,-15.328090,0.000000
-357.616400,-260.771900,0.000000
-589.965610,-430.199660,0.000000
-612.824440,-446.868180,0.000000
-388.792370,-283.505240,0.000000
25.082780,18.290230,0.000000
485.176470,353.787990,0.000000
807.528190,588.845080,0.000000
839.743400,612.336240,0.000000
530.725160,387.001840,0.000000
-33.279250,-24.267040,0.000000
-647.742760,-472.330430,0.000000
-1063.433880,-775.450090,0.000000
-1088.240390,-793.538860,0.000000
-675.333090,-492.449150,0.000000
43.139280,31.456920,0.000000
796.868760,581.072280,0.000000
1281.429470,934.411270,0.000000
1284.261590,936.476430,0.000000
779.522320,568.423350,0.000000
-51.737620,-37.726790,0.000000
-888.112660,-647.606830,0.000000
-1396.534470,-996.997380,0.000000
-1369.390970,-977.619400,0.000000
-812.221610,-579.851650,0.000000
56.510900,40.343590,0.000000
894.281840,638.435120,0.000000
1374.453480,981.233570,0.000000
1318.257680,941.114930,0.000000
763.723690,545.228590,0.000000
-56.038280,-40.006190,0.000000
-813.558920,-587.197730,0.000000
-1221.768240,-881.828620,0.000000
-1146.101640,-827.215170,0.000000
-648.462240,-468.036850,0.000000
50.459180,36.419630,0.000000
669.961860,483.554510,0.000000
983.979890,710.201490,0.000000
904.219390,652.633220,0.000000
500.786160,361.449540,0.000000
-41.452350,-29.918820,0.000000
-506.305490,-365.433200,0.000000
-731.950990,-528.296040,0.000000
-664.707920,-479.762400,0.000000
-364.704450,-263.230630,0.000000
31.669440,22.857870,0.000000
371.361530,268.035470,0.000000
540.792230,390.324490,0.000000
498.937260,360.115070,0.000000
280.772640,202.651650,0.000000
-24.045220,-17.354980,0.000000
-305.342490,-220.385290,0.000000
-467.465550,-337.399920,0.000000
-456.308230,-329.346960,0.000000
-273.996460,-197.760840,0.000000
20.850750,15.049330,0.000000
327.922090,236.682430,0.000000
533.822310,385.293850,0.000000
549.523610,396.626490,0.000000
346.408730,250.025430,0.000000
-23.035560,-16.626250,0.000000
-432.369200,-312.068620,0.000000
-720.102850,-519.744480,0.000000
-750.807030,-541.905660,0.000000
-476.421590,-343.864060,0.000000
29.948390,21.615680,0.000000
587.557720,424.078150,0.000000
970.775690,700.671170,0.000000
1000.173560,721.889510,0.000000
625.292860,451.314020,0.000000
-39.525860,-28.528350,0.000000
-747.236900,-539.328870,0.000000
-1211.143380,-874.159970,0.000000
-1223.307470,-882.939580,0.000000
-748.656100,-540.353200,0.000000
48.914990,35.305090,0.000000
863.865900,623.507510,0.000000
1369.574970,988.510230,0.000000
1353.713990,977.062340,0.000000
809.748990,584.447860,0.000000
-55.316510,-39.925480,0.000000
-902.613140,-651.473880,0.000000
-1398.856320,-1008.799180,0.000000
-1352.530830,-975.391080,0.000000
-790.365700,-569.980100,0.000000
56.822240,40.977930,0.000000
851.970150,614.406760,0.000000
1290.260500,930.484220,0.000000
1220.110200,879.894630,0.000000
696.282260,502.130890,0.000000
-53.029970,-38.243090,0.000000
-727.028570,-525.227820,0.000000
-1076.149730,-777.443700,0.000000
-995.913810,-719.478800,0.000000
-555.535640,-401.336050,0.000000
44.982030,32.496400,0.000000
565.024180,408.190860,0.000000
820.333300,592.634030,0.000000
746.757200,539.480400,0.000000
410.047960,296.231270,0.000000
-35.126950,-25.376790,0.000000
-414.232250,-299.254130,0.000000
-599.043920,-432.767770,0.000000
-546.888940,-395.089410,0.000000
-303.223080,-219.057690,0.000000
26.403720,19.074860,0.000000
319.592600,230.883530,0.000000
478.230760,345.488630,0.000000
455.875300,329.338350,0.000000
266.866580,192.792640,0.000000
-21.407480,-15.465420,0.000000
-309.304580,-223.451150,0.000000
-493.894070,-356.804280,0.000000
-500.832040,-361.816490,0.000000
-311.812010,-225.262600,0.000000
21.627920,15.624680,0.000000
386.435310,279.172770,0.000000
641.368090,463.344060,0.000000
668.372420,482.852820,0.000000
424.669080,306.794020,0.000000
-26.995190,-19.502160,0.000000
-527.995260,-381.440030,0.000000
-876.701120,-633.355880,0.000000
-908.559450,-656.371320,0.000000
-571.803820,-413.088680,0.000000
35.910980,25.943200,0.000000
691.799380,499.777170,0.000000
1129.779920,816.187800,0.000000
1149.817380,830.663480,0.000000
709.371500,512.471810,0.000000
-45.715270,-33.026120,0.000000
-829.029870,-598.916700,0.000000
-1325.155540,-957.333160,0.000000
-1320.247720,-953.787600,0.000000
-796.374660,-575.325570,0.000000
53.487130,38.640750,0.000000
898.791510,649.314660,0.000000
1404.618850,1002.055490,0.000000
1369.061520,976.688890,0.000000
806.886590,575.633130,0.000000
-56.908640,-40.598640,0.000000
-880.335650,-628.031710,0.000000
-1344.486560,-959.157100,0.000000
-1281.709430,-914.371880,0.000000
-737.772300,-526.326970,0.000000
54.963650,39.211080,0.000000
779.087060,565.139480,0.000000
1162.683500,845.863170,0.000000
1084.228090,788.786120,0.000000
609.633450,443.514060,0.000000
-48.266320,-35.114200,0.000000
-625.257530,-454.880720,0.000000
-913.382070,-664.494030,0.000000
-835.462390,-607.806730,0.000000
-460.651100,-335.128000,0.000000
38.739790,28.183560,0.000000
464.696640,338.071170,0.000000
670.883750,488.074230,0.000000
609.554620,443.456710,0.000000
335.230130,243.883060,0.000000
-29.265380,-21.290840,0.000000
-345.245770,-251.169540,0.000000
-507.448650,-369.173660,0.000000
-473.821840,-344.709830,0.000000
-270.727380,-196.956710,0.000000
22.670350,16.492890,0.000000
302.506520,220.076340,0.000000
471.786850,343.229370,0.000000
468.718750,340.997290,0.000000
286.398010,208.357240,0.000000
-20.914470,-15.215470,0.000000
-349.210380,-254.053830,0.000000
-574.521550,-417.969820,0.000000
-595.763290,-433.423390,0.000000
-377.549750,-274.670990,0.000000
24.522440,17.840310,0.000000
471.440890,342.977670,0.000000
785.039450,571.123570,0.000000
817.091450,594.441700,0.000000
517.023010,376.139100,0.000000
-32.414260,-23.581680,0.000000
-632.767680,-460.344430,0.000000
-1040.600260,-757.046460,0.000000
-1066.751100,-776.071440,0.000000
-663.250730,-482.521140,0.000000
42.240570,30.730410,0.000000
785.116450,571.179590,0.000000
1265.065150,920.346780,0.000000
1270.339510,924.183920,0.000000
772.659580,562.117100,0.000000
-51.068910,-37.153110,0.000000
-883.081540,-642.450110,0.000000
-1391.507590,-995.310920,0.000000
-1367.182090,-977.911490,0.000000
-812.641590,-581.262410,0.000000
56.271370,40.249520,0.000000
897.471850,641.939390,0.000000
1382.265680,988.700410,0.000000
1328.422210,950.187510,0.000000
771.285190,551.681200,0.000000
-56.294070,-40.265760,0.000000
-824.034660,-594.161520,0.000000
-1240.089350,-894.153360,0.000000
-1165.606460,-840.448260,0.000000
-660.910800,-476.542770,0.000000
51.133770,36.869460,0.000000
684.583930,493.612040,0.000000
1007.353340,726.341520,0.000000
927.260500,668.591420,0.000000
514.416170,370.914360,0.000000
-42.324390,-30.517550,0.000000
-520.717630,-375.457960,0.000000
-753.411070,-543.239120,0.000000
-684.409900,-493.486550,0.000000
-375.455210,-270.718020,0.000000
32.517890,23.446680,0.000000
381.271420,274.911740,0.000000
553.942200,399.414190,0.000000
509.429530,367.318790,0.000000
285.441940,205.814910,0.000000
-24.587000,-17.728200,0.000000
-307.800180,-221.936080,0.000000
-468.389660,-337.727430,0.000000
-454.465370,-327.687470,0.000000
-271.188030,-195.537270,0.000000
20.926730,15.089000,0.000000
322.196800,232.316610,0.000000
522.247490,376.561050,0.000000
535.897090,386.402950,0.000000
336.964610,242.964780,0.000000
-22.627360,-16.315220,0.000000
-420.170750,-302.959690,0.000000
-699.466200,-504.342740,0.000000
-729.458510,-525.968370,0.000000
-463.154860,-333.952930,0.000000
29.179480,21.039560,0.000000
572.522560,412.811360,0.000000
947.231370,682.991200,0.000000
977.457010,704.785080,0.000000
612.153310,441.386700,0.000000
-38.629800,-27.853610,0.000000
-733.849430,-529.134400,0.000000
-1191.706740,-859.267590,0.000000
-1205.999390,-869.573160,0.000000
-739.558080,-533.250570,0.000000
48.160740,34.725800,0.000000
856.073250,617.262600,0.000000
1360.035330,980.639150,0.000000
1346.970950,971.219210,0.000000
807.401090,582.168050,0.000000
-54.932140,-39.608240,0.000000
-902.770050,-650.932830,0.000000
-1402.070430,-1007.112920,0.000000
-1358.360810,-975.716120,0.000000
-795.464570,-571.385450,0.000000
56.925900,40.890110,0.000000
860.024060,617.758790,0.000000
1305.254390,937.569560,0.000000
1236.775620,888.380980,0.000000
707.306670,508.061270,0.000000
-53.546900,-38.462960,0.000000
-740.572820,-536.237850,0.000000
-1098.456050,-795.375810,0.000000
-1018.447620,-737.442890,0.000000
-569.198070,-412.147920,0.000000
45.802710,33.165070,0.000000
580.041300,419.999340,0.000000
843.303790,610.623830,0.000000
768.441410,556.417080,0.000000
422.297440,305.779340,0.000000
-36.001330,-26.068030,0.000000
-426.217170,-308.617560,0.000000
-615.837050,-445.918510,0.000000
-561.263360,-406.402510,0.000000
-310.385120,-224.745280,0.000000
27.080870,19.608860,0.000000
324.972900,235.308080,0.000000
483.839740,350.341210,0.000000
458.651980,332.103120,0.000000
266.810530,193.193570,0.000000
-21.663870,-15.686490,0.000000
-306.482550,-221.919490,0.000000
-486.651410,-352.377100,0.000000
-491.190470,-355.663770,0.000000
-304.563380,-220.529850,0.000000
21.387890,15.486650,0.000000
376.252000,272.438510,0.000000
623.430600,451.416890,0.000000
649.179770,470.061480,0.000000
412.371150,298.591860,0.000000
-26.335500,-19.069150,0.000000
-513.489930,-371.810480,0.000000
-853.417240,-617.946820,0.000000
-885.539560,-641.206120,0.000000
-558.136660,-404.138510,0.000000
35.029710,25.364490,0.000000
677.295800,490.419890,0.000000
1108.071390,802.338130,0.000000
1129.831630,818.094400,0.000000
698.404370,505.704290,0.000000
-44.879230,-32.496390,0.000000
-818.853730,-592.919900,0.000000
-1311.504050,-949.640720,0.000000
-1309.240740,-948.001890,0.000000
-791.374580,-573.022650,0.000000
52.947250,38.338330,0.000000
895.976590,648.763420,0.000000
1403.088840,1000.363050,0.000000
1370.322590,977.001630,0.000000
809.339800,577.036610,0.000000
-56.830850,-40.518800,0.000000
-885.682460,-631.466790,0.000000
-1355.549340,-966.468710,0.000000
-1294.864310,-923.201990,0.000000
-746.947870,-532.552910,0.000000
55.371000,39.477970,0.000000
791.037180,572.914440,0.000000
1183.021820,857.685380,0.000000
1105.351870,801.375030,0.000000
622.790890,451.520530,0.000000
-49.004050,-35.527710,0.000000
-640.247820,-464.176730,0.000000
-936.940510,-679.277560,0.000000
-858.263720,-622.237250,0.000000
-473.870910,-343.554230,0.000000
39.625290,28.728150,0.000000
478.270590,346.743980,0.000000
690.637740,500.709190,0.000000
627.232660,454.740800,0.000000
344.566050,249.808800,0.000000
-30.030640,-21.772070,0.000000
-353.334910,-256.166180,0.000000
-517.516550,-375.197120,0.000000
-481.111320,-348.803500,0.000000
-273.414090,-198.223960,0.000000
23.076350,16.730250,0.000000
302.699760,219.455930,0.000000
469.166290,340.143410,0.000000
463.443750,335.994590,0.000000
281.618550,204.172150,0.000000
-20.854520,-15.119430,0.000000
-341.454600,-247.553020,0.000000
-559.996350,-405.994780,0.000000
-579.496620,-420.132380,0.000000
-366.736200,-265.882060,0.000000
23.997590,17.398150,0.000000
458.048820,332.083290,0.000000
762.938020,553.126560,0.000000
794.685570,576.143390,0.000000
503.377350,364.946260,0.000000
-31.585090,-22.899050,0.000000
-617.733790,-447.854160,0.000000
-1017.511010,-737.690800,0.000000
-1044.881650,-757.534390,0.000000
-650.856920,-471.868280,0.000000
41.356160,29.983020,0.000000
772.922340,560.365140,0.000000
1247.851060,904.686280,0.000000
1255.525080,910.249910,0.000000
765.207480,554.771910,0.000000
-50.396960,-36.537560,0.000000
-877.364900,-636.085520,0.000000
-1385.313030,-993.625090,0.000000
-1363.824610,-978.212380,0.000000
-812.350880,-582.664140,0.000000
56.013730,40.176230,0.000000
899.937120,645.485960,0.000000
1388.932770,996.221380,0.000000
1337.533480,959.354890,0.000000
778.238550,558.196830,0.000000
-56.531990,-40.547950,0.000000
-833.911630,-601.180780,0.000000
-1257.630630,-906.646870,0.000000
-1184.472250,-853.905770,0.000000
-673.035630,-485.202590,0.000000
51.797940,37.342000,0.000000
698.965120,503.895590,0.000000
1030.546170,742.937900,0.000000
950.255350,685.054910,0.000000
528.094430,380.712070,0.000000
-43.221530,-31.159120,0.000000
-535.312680,-385.915830,0.000000
-775.333540,-558.950860,0.000000
-704.682320,-508.017220,0.000000
-386.609730,-278.713400,0.000000
33.357620,24.048070,0.000000
391.723270,282.399830,0.000000
568.061060,409.524680,0.000000
520.936100,375.551510,0.000000
290.745660,209.603390,0.000000
-25.144950,-18.127410,0.000000
-311.002280,-224.206730,0.000000
-470.497870,-339.189750,0.000000
-453.775640,-327.134410,0.000000
-269.072090,-193.978550,0.000000
21.029950,15.160840,0.000000
317.180790,228.660910,0.000000
511.719270,368.906950,0.000000
523.216910,377.195790,0.000000
328.050290,236.496920,0.000000
-22.259440,-16.047200,0.000000
-408.432340,-294.445680,0.000000
-679.438370,-489.818440,0.000000
-708.564270,-510.815780,0.000000
-450.103800,-324.487320,0.000000
28.435670,20.499750,0.000000
557.564020,401.957190,0.000000
923.674920,665.892630,0.000000
954.584950,688.176180,0.000000
598.862280,431.729790,0.000000
-37.733870,-27.202980,0.000000
-720.130000,-519.153710,0.000000
-1171.641510,-844.655880,0.000000
-1187.960910,-856.420810,0.000000
-729.955060,-526.236760,0.000000
47.382990,34.159190,0.000000
847.684110,611.109590,0.000000
1349.442080,972.835270,0.000000
1339.144090,965.411280,0.000000
804.376130,579.888150,0.000000
-54.507840,-39.295610,0.000000
-902.214380,-650.421370,0.000000
-1404.090910,-1005.427140,0.000000
-1363.081440,-976.061500,0.000000
-799.917640,-572.796890,0.000000
56.983500,40.804170,0.000000
867.468630,621.168110,0.000000
1319.300770,944.711480,0.000000
1252.620420,896.963690,0.000000
717.907290,514.071750,0.000000
-54.073160,-38.720160,0.000000
-753.802410,-547.516530,0.000000
-1120.340580,-813.747710,0.000000
-1040.712010,-755.910330,0.000000
-582.785230,-423.299980,0.000000
46.643830,33.879260,0.000000
595.089170,432.236820,0.000000
866.510120,629.380590,0.000000
790.489780,574.164020,0.000000
434.819960,315.826950,0.000000
-36.908670,-26.808230,0.000000
-438.626110,-318.591510,0.000000
-633.437910,-460.091030,0.000000
-576.522660,-418.751230,0.000000
-318.107250,-231.053890,0.000000
27.768010,20.169000,0.000000
331.040500,240.447820,0.000000
490.592930,356.337060,0.000000
462.575870,335.987160,0.000000
267.430200,194.245140,0.000000
-21.944080,-15.938850,0.000000
-304.407500,-221.103210,0.000000
-480.543230,-349.037570,0.000000
-482.606500,-350.536210,0.000000
-297.891680,-216.370520,0.000000
21.171350,15.377590,0.000000
366.641380,266.306150,0.000000
606.284170,440.368190,0.000000
630.646720,458.063670,0.000000
400.416150,290.838100,0.000000
-25.677910,-18.650880,0.000000
-499.209470,-362.595600,0.000000
-830.342440,-603.110580,0.000000
-862.578740,-626.525080,0.000000
-544.451090,-395.456380,0.000000
34.158170,24.810430,0.000000
662.603530,481.275170,0.000000
1085.945470,788.765180,0.000000
1109.284320,805.717110,0.000000
687.072500,499.047950,0.000000
-44.028370,-31.979550,0.000000
-808.131600,-586.977970,0.000000
-1296.922580,-942.006210,0.000000
-1297.244770,-942.240230,0.000000
-785.738220,-570.712770,0.000000
52.372480,38.040200,0.000000
892.421100,648.200770,0.000000
1400.396960,998.682840,0.000000
1370.443320,977.321620,0.000000
811.111570,578.438280,0.000000
-56.707490,-40.440530,0.000000
-890.356600,-634.951290,0.000000
-1365.535940,-973.821970,0.000000
-1307.068900,-932.126620,0.000000
-755.598020,-538.849200,0.000000
55.738060,39.749190,0.000000
802.549870,580.310440,0.000000
1202.725050,869.670450,0.000000
1125.988040,814.183190,0.000000
635.738580,459.691980,0.000000
-49.755630,-35.977470,0.000000
-655.170790,-473.743090,0.000000
-960.486520,-694.511800,0.000000
-881.199060,-637.180360,0.000000
-487.255380,-352.326250,0.000000
40.540160,29.313910,0.000000
492.137010,355.856070,0.000000
711.006850,514.117210,0.000000
645.631040,466.845050,0.000000
354.395940,256.257800,0.000000
-30.839740,-22.299700,0.000000
-362.036080,-261.782260,0.000000
-528.641040,-382.251530,0.000000
-489.488880,-353.941250,0.000000
-276.757530,-200.118760,0.000000
23.541140,17.022200,0.000000
303.635830,219.554010,0.000000
467.725610,338.204600,0.000000
459.302680,332.114120,0.000000
277.476120,200.638360,0.000000
-20.820190,-15.054730,0.000000
-334.341080,-241.756460,0.000000
-546.421720,-395.108440,0.000000
-564.070970,-407.870320,0.000000
-356.341110,-257.664320,0.000000
23.483690,16.980660,0.000000
445.021380,321.787550,0.000000
741.273910,536.002810,0.000000
772.569520,558.632150,0.000000
489.848490,354.201280,0.000000
-30.739450,-22.227180,0.000000
-602.662500,-435.775210,0.000000
-994.217410,-718.902040,0.000000
-1022.667640,-739.473940,0.000000
-638.216300,-461.483570,0.000000
40.465080,29.259620,0.000000
760.297740,549.758630,0.000000
1229.867300,889.296560,0.000000
1239.828960,896.499670,0.000000
757.225830,547.537380,0.000000
-49.696800,-35.934930,0.000000
-870.954990,-629.773040,0.000000
-1378.002650,-991.939850,0.000000
-1359.342630,-978.507640,0.000000
-811.415760,-584.088590,0.000000
55.713740,40.104920,0.000000
901.652070,649.044200,0.000000
1394.472530,1003.795510,0.000000
1345.588040,968.606560,0.000000
784.588950,564.777610,0.000000
-56.725890,-40.833500,0.000000
-843.244050,-608.296920,0.000000
-1274.371910,-919.302660,0.000000
-1202.666300,-867.575880,0.000000
-684.821850,-494.014770,0.000000
52.430760,37.822350,0.000000
713.136280,514.440150,0.000000
1053.491190,759.964380,0.000000
973.169410,702.022090,0.000000
541.801680,390.843310,0.000000
-44.107560,-31.818180,0.000000
-550.101440,-396.830560,0.000000
-797.654810,-575.409890,0.000000
-725.477850,-523.343080,0.000000
-398.150440,-287.216600,0.000000
34.236010,24.697080,0.000000
402.743400,290.529850,0.000000
583.103670,420.637610,0.000000
533.429700,384.803950,0.000000
296.695100,214.029040,0.000000
-25.758200,-18.581380,0.000000
-314.942160,-227.192050,0.000000
-473.778150,-341.772690,0.000000
-454.244790,-327.681770,0.000000
-267.641260,-193.070270,0.000000
21.196050,15.290350,0.000000
312.884250,225.707520,0.000000
502.254440,362.314840,0.000000
511.518130,368.997440,0.000000
319.636310,230.578300,0.000000
-21.910790,-15.805940,0.000000
-397.185090,-286.520210,0.000000
-660.049340,-476.144450,0.000000
-688.185710,-496.441390,0.000000
-437.234900,-315.411230,0.000000
27.685030,19.971350,0.000000
542.718040,391.504340,0.000000
900.135030,649.336760,0.000000
931.596400,672.032280,0.000000
585.360040,422.265300,0.000000
-36.798680,-26.545720,0.000000
-706.113800,-509.374300,0.000000
-1150.965170,-830.279870,0.000000
-1169.213660,-843.443910,0.000000
-719.871720,-519.298950,0.000000
46.533390,33.568120,0.000000
838.676610,605.002070,0.000000
1337.788080,965.049630,0.000000
1330.223760,959.592910,0.000000
800.683710,577.594860,0.000000
-53.988200,-38.945850,0.000000
-900.901600,-649.889750,0.000000
-1404.929000,-1003.735250,0.000000
-1366.644620,-976.383420,0.000000
-803.712750,-574.203270,0.000000
56.941930,40.681510,0.000000
874.245590,624.594630,0.000000
1332.408980,951.924160,0.000000
1267.622580,905.638270,0.000000
728.056860,520.151790,0.000000
-54.513660,-38.946650,0.000000
-766.651630,-557.460010,0.000000
-1141.782540,-832.592290,0.000000
-1062.668190,-774.901790,0.000000
-596.263330,-434.797550,0.000000
47.425900,34.583150,0.000000
610.182740,444.947630,0.000000
889.891490,648.912350,0.000000
812.857420,592.738800,0.000000
447.605660,326.395800,0.000000
-37.793080,-27.558860,0.000000
-451.470510,-329.214060,0.000000
-651.804520,-475.298400,0.000000
-592.640190,-432.155540,0.000000
-326.389580,-238.004550,0.000000
28.481450,20.768780,0.000000
337.808560,246.331320,0.000000
498.470470,363.486620,0.000000
467.640740,341.005450,0.000000
268.736610,195.963790,0.000000
-22.304380,-16.264440,0.000000
-303.070530,-221.000210,0.000000
-475.586060,-346.799210,0.000000
-475.112460,-346.453860,0.000000
-291.831010,-212.804310,0.000000
21.041870,15.343820,0.000000
357.607150,260.768530,0.000000
589.970610,430.208870,0.000000
612.829810,446.877890,0.000000
388.792350,283.508900,0.000000
-25.110660,-18.310790,0.000000
-485.163030,-353.782780,0.000000
-807.534290,-588.857160,0.000000
-839.750660,-612.349460,0.000000
-530.724910,-387.006680,0.000000
33.298220,24.281190,0.000000
647.725570,472.324020,0.000000
1063.441960,775.466030,0.000000
1088.251400,793.557170,0.000000
675.333030,492.455480,0.000000
-43.162770,-31.474460,0.000000
-796.847930,-581.064620,0.000000
-1281.429470,-934.423370,0.000000
-1284.247920,-936.478600,0.000000
-779.522690,-568.430990,0.000000
51.763820,37.746380,0.000000
888.089510,647.598340,0.000000
1396.534000,997.003350,0.000000
1369.373980,977.613470,0.000000
812.243700,579.871090,0.000000
-56.538780,-40.363750,0.000000
-894.260100,-638.423640,0.000000
-1374.454000,-981.240160,0.000000
-1318.240670,-941.108750,0.000000
-763.746070,-545.248010,0.000000
56.063450,40.024410,0.000000
813.519600,587.169340,0.000000
1221.768360,881.828690,0.000000
1146.085120,827.203240,0.000000
648.481490,468.050740,0.000000
-50.480560,-36.435060,0.000000
-669.930110,-483.531590,0.000000
-983.979660,-710.201320,0.000000
-904.212270,-652.628070,0.000000
-500.800990,-361.460240,0.000000
41.452760,29.919120,0.000000
506.282620,365.416680,0.000000
731.951450,528.296370,0.000000
664.703170,479.758970,0.000000
364.715700,263.238740,0.000000
-31.669400,-22.857840,0.000000
-371.378410,-268.047650,0.000000
-540.789230,-390.322320,0.000000
-498.933150,-360.112100,0.000000
-280.780190,-202.657090,0.000000
24.046030,17.355560,0.000000
305.358050,220.396520,0.000000
467.463190,337.398210,0.000000
456.306180,329.345470,0.000000
274.011660,197.771810,0.000000
-20.850630,-15.049240,0.000000
-327.938940,-236.694600,0.000000
-533.821820,-385.293490,0.000000
-549.523130,-396.626130,0.000000
-346.426210,-250.038040,0.000000
23.036160,16.626680,0.000000
432.392820,312.085670,0.000000
720.091500,519.736290,0.000000
750.807350,541.905880,0.000000
476.446370,343.881940,0.000000
-29.948270,-21.615590,0.000000
-587.588660,-424.100470,0.000000
-970.760050,-700.659870,0.000000
-1000.173030,-721.889110,0.000000
-625.260480,-451.290640,0.000000
39.525640,28.528200,0.000000
747.275390,539.356640,0.000000
1211.125100,874.146770,0.000000
1223.306700,882.939010,0.000000
748.615910,540.324180,0.000000
-48.915100,-35.305170,0.000000
-863.865890,-623.507500,0.000000
-1369.556960,-988.497210,0.000000
-1353.714090,-977.062400,0.000000
-809.705290,-584.416310,0.000000
55.315650,39.924860,0.000000
902.612280,651.473250,0.000000
1398.839160,1008.792850,0.000000
1352.530460,975.396670,0.000000
790.321370,569.951550,0.000000
-56.821830,-40.977880,0.000000
-851.969740,-614.410160,0.000000
-1290.246670,-930.479830,0.000000
-1220.109920,-879.899710,0.000000
-696.242170,-502.105000,0.000000
52.983370,38.209720,0.000000
727.028850,525.234700,0.000000
1076.140130,777.446640,0.000000
995.914200,719.488220,0.000000
555.503430,401.317880,0.000000
-44.944930,-32.470010,0.000000
-565.024060,-408.195960,0.000000
-820.340460,-592.646740,0.000000
-746.756940,-539.487060,0.000000
-410.048040,-296.235090,0.000000
35.100570,25.358050,0.000000
414.233090,299.258540,0.000000
599.050040,432.777690,0.000000
546.889580,395.094890,0.000000
303.223710,219.060930,0.000000
-26.383270,-19.060330,0.000000
-319.592650,-230.886510,0.000000
-478.236060,-345.496850,0.000000
-455.875180,-329.342450,0.000000
-266.866470,-192.795000,0.000000
21.388780,15.452110,0.000000
309.304760,223.454120,0.000000
493.901340,356.814070,0.000000
500.836970,361.824640,0.000000
311.811930,225.265400,0.000000
-21.605390,-15.608600,0.000000
-386.435550,-279.176490,0.000000
-641.378570,-463.357510,0.000000
-668.378020,-482.863000,0.000000
-424.668870,-306.797770,0.000000
27.025630,19.524400,0.000000
527.994710,381.444480,0.000000
876.714280,633.373440,0.000000
908.566600,656.384820,0.000000
571.802640,413.093080,0.000000
-35.952340,-25.973410,0.000000
-691.799740,-499.783780,0.000000
-1129.780280,-816.198430,0.000000
-1149.828980,-830.682410,0.000000
-709.371290,-512.478170,0.000000
45.764470,33.062080,0.000000
829.029040,598.923710,0.000000
1325.154720,957.344730,0.000000
1320.262390,953.810320,0.000000
796.374100,575.332480,0.000000
-53.541730,-38.680690,0.000000
-898.790850,-649.322430,0.000000
-1404.618190,-1002.061400,0.000000
-1369.078780,-976.707410,0.000000
-806.886290,-575.636570,0.000000
56.963470,40.638020,0.000000
880.292550,628.004950,0.000000
1344.486960,959.163480,0.000000
1281.692700,914.365760,0.000000
737.773680,526.331300,0.000000
-55.011410,-39.245410,0.000000
-779.048250,-565.111530,0.000000
-1162.682190,-845.862290,0.000000
-1084.211040,-788.773790,0.000000
-609.633110,-443.513850,0.000000
48.266670,35.114460,0.000000
625.229190,454.860150,0.000000
913.383090,664.494840,0.000000
835.450490,607.798130,0.000000
460.652250,335.128870,0.000000
-38.738640,-28.182730,0.000000
-464.674500,-338.055100,0.000000
-670.883110,-488.073810,0.000000
-609.544470,-443.449360,0.000000
-335.229580,-243.882690,0.000000
29.265920,21.291240,0.000000
345.230200,251.158240,0.000000
507.449330,369.174190,0.000000
473.815620,344.705340,0.000000
270.743330,196.968340,0.000000
-22.670220,-16.492800,0.000000
-302.491360,-220.065330,0.000000
-471.786890,-343.229420,0.000000
-468.713660,-340.993620,0.000000
-286.412980,-208.368150,0.000000
20.914920,15.215800,0.000000
349.229090,254.067470,0.000000
574.521620,417.969910,0.000000
595.758160,433.419690,0.000000
377.568750,274.684840,0.000000
-24.522880,-17.840630,0.000000
-471.466380,-342.996250,0.000000
-785.039310,-571.123520,0.000000
-817.091310,-594.441650,0.000000
-517.048800,-376.157890,0.000000
32.415180,23.582350,0.000000
632.801800,460.369300,0.000000
1040.600390,757.046630,0.000000
1066.751240,776.071620,0.000000
663.285840,482.546720,0.000000
-42.240490,-30.730360,0.000000
-785.156670,-571.208910,0.000000
-1265.046510,-920.333300,0.000000
-1270.338720,-924.183440,0.000000
-772.700730,-562.147090,0.000000
51.069710,37.153700,0.000000
883.126810,642.483110,0.000000
1391.489830,995.304770,0.000000
1367.182280,977.918070,0.000000
812.597870,581.234960,0.000000
-56.269690,-40.248580,0.000000
-897.514230,-641.973930,0.000000
-1382.247180,-988.693690,0.000000
-1328.419840,-950.192070,0.000000
-771.240040,-551.652530,0.000000
56.294880,40.266600,0.000000
824.035470,594.169860,0.000000
1240.077120,894.156230,0.000000
1165.607200,840.459780,0.000000
660.873910,476.522400,0.000000
-51.132230,-36.868840,0.000000
-684.582400,-493.617380,0.000000
-1007.342870,-726.343460,0.000000
-927.259400,-668.599360,0.000000
-514.385090,-370.896800,0.000000
42.324810,30.518250,0.000000
520.718050,375.463170,0.000000
753.405410,543.242140,0.000000
684.410680,493.493570,0.000000
375.433250,270.705730,0.000000
-32.492620,-23.428770,0.000000
-381.271120,-274.915120,0.000000
-553.937160,-399.415770,0.000000
-509.429530,-367.323600,0.000000
-285.425110,-205.805460,0.000000
24.567870,17.714640,0.000000
307.800560,221.939250,0.000000
468.395690,337.736190,0.000000
454.465810,327.692070,0.000000
271.188470,195.540150,0.000000
-20.907470,-15.075310,0.000000
-322.196910,-232.319720,0.000000
-522.255500,-376.571750,0.000000
-535.896940,-386.407900,0.000000
-336.964460,-242.967850,0.000000
22.603500,16.298230,0.000000
420.171520,302.964210,0.000000
699.478210,504.357990,0.000000
729.458940,525.975560,0.000000
463.155290,333.957610,0.000000
-29.145570,-21.015380,0.000000
-572.522360,-412.816610,0.000000
-947.245840,-683.010560,0.000000
-977.465440,-704.800370,0.000000
-612.152510,-441.391890,0.000000
38.586980,27.823100,0.000000
733.850520,529.142100,0.000000
1191.724890,859.291910,0.000000
1206.012380,869.593890,0.000000
739.558280,533.257680,0.000000
-48.211380,-34.762760,0.000000
-856.071710,-617.269560,0.000000
-1360.051650,-980.663730,0.000000
-1346.984340,-971.241560,0.000000
-807.398470,-582.173770,0.000000
54.989300,39.649970,0.000000
902.771430,650.942340,0.000000
1402.071820,1007.120100,0.000000
1358.379160,975.735300,0.000000
795.465010,571.389280,0.000000
-56.978290,-40.927990,0.000000
-860.022340,-617.761350,0.000000
-1305.252670,-937.574080,0.000000
-1236.792230,-888.398370,0.000000
-707.305380,-508.063460,0.000000
53.594430,38.497340,0.000000
740.572920,536.234480,0.000000
1098.456150,795.370780,0.000000
1018.464190,737.450150,0.000000
569.198620,412.145670,0.000000
-45.839500,-33.191490,0.000000
-580.013710,-419.976670,0.000000
-843.303290,-610.619540,0.000000
-768.428890,-556.404450,0.000000
-422.297740,-305.777600,0.000000
36.028610,26.087610,0.000000
426.197160,308.601100,0.000000
615.836760,445.915450,0.000000
561.254470,406.393470,0.000000
310.385470,224.744100,0.000000
-27.080520,-19.608480,0.000000
-324.957390,-235.295340,0.000000
-483.839740,-350.338960,0.000000
-458.646080,-332.096730,0.000000
-266.810600,-193.192380,0.000000
21.663800,15.686340,0.000000
306.467100,221.906880,0.000000
486.651670,352.375030,0.000000
491.186050,355.658290,0.000000
304.563680,220.528650,0.000000
-21.387590,-15.486340,0.000000
-376.231670,-272.422050,0.000000
-623.430530,-451.413950,0.000000
-649.174130,-470.054390,0.000000
-412.391720,-298.604840,0.000000
26.336120,19.069470,0.000000
513.463060,371.788640,0.000000
853.418160,617.943530,0.000000
885.532570,641.196950,0.000000
558.165840,404.157060,0.000000
-35.029490,-25.364180,0.000000
-677.330930,-490.442180,0.000000
-1108.070430,-802.332300,0.000000
-1129.819370,-818.080280,0.000000
-698.439640,-505.726590,0.000000
44.881110,32.497540,0.000000
818.897360,592.947690,0.000000
1311.504890,949.635240,0.000000
1309.241580,947.996420,0.000000
791.417360,573.049950,0.000000
-52.947780,-38.338460,0.000000
-896.021650,-648.791890,0.000000
-1403.088180,-1000.362320,0.000000
-1370.321920,-977.000900,0.000000
-809.384810,-577.068560,0.000000
56.831410,40.519190,0.000000
885.725920,631.497610,0.000000
1355.533550,966.457210,0.000000
1294.863890,923.201450,0.000000
746.990930,532.583480,0.000000
-55.371220,-39.478120,0.000000
-791.074980,-572.938140,0.000000
-1183.009370,-857.681470,0.000000
-1105.351410,-801.379470,0.000000
-622.754720,-451.497000,0.000000
49.003080,35.527220,0.000000
640.276510,464.200290,0.000000
936.930460,679.274330,0.000000
858.262130,622.239810,0.000000
473.841590,343.535020,0.000000
-39.625670,-28.728600,0.000000
-478.270970,-346.746320,0.000000
-690.632080,-500.708070,0.000000
-627.232890,-454.743670,0.000000
-344.546040,-249.795790,0.000000
30.029910,21.771680,0.000000
353.334180,256.167190,0.000000
517.511110,375.195420,0.000000
481.110880,348.805250,0.000000
273.398240,198.213650,0.000000
-23.076410,-16.730390,0.000000
-302.699830,-219.457290,0.000000
-469.160530,-340.141260,0.000000
-463.444050,-335.996810,0.000000
-281.603830,-204.162700,0.000000
20.834230,15.104810,0.000000
341.454620,247.554500,0.000000
559.987820,405.991020,0.000000
579.496870,420.135070,0.000000
366.717840,265.870330,0.000000
-23.970880,-17.378880,0.000000
-458.048940,-332.085360,0.000000
-762.950350,-553.138790,0.000000
-794.685570,-576.146820,0.000000
-503.377350,-364.948440,0.000000
31.549470,22.873350,0.000000
617.734680,447.857470,0.000000
1017.527380,737.707070,0.000000
1044.882040,757.539200,0.000000
650.857320,471.871380,0.000000
-41.310450,-29.950060,0.000000
-772.923100,-560.369040,0.000000
-1247.869420,-904.704990,0.000000
-1255.525230,-910.255450,0.000000
-765.207640,-554.775330,0.000000
50.343330,36.498900,0.000000
877.365020,636.089400,0.000000
1385.331060,993.631830,0.000000
1363.840480,978.217660,0.000000
812.350060,582.659910,0.000000
-55.958610,-40.136440,0.000000
-899.938160,-645.482680,0.000000
-1388.949920,-996.227470,0.000000
-1337.551400,-959.361760,0.000000
-778.238370,-558.193230,0.000000
56.583640,40.584740,0.000000
833.910270,601.172180,0.000000
1257.642340,906.643810,0.000000
1184.487260,853.905760,0.000000
673.033070,485.194600,0.000000
-51.844320,-37.374960,0.000000
-698.966520,-503.890220,0.000000
-1030.547580,-742.929490,0.000000
-950.271090,-685.057560,0.000000
-528.094920,-380.707590,0.000000
43.255000,31.182860,0.000000
535.311240,385.909890,0.000000
775.332100,558.942730,0.000000
704.693100,508.018550,0.000000
386.608680,278.709100,0.000000
-33.383500,-24.066420,0.000000
-391.723590,-282.396480,0.000000
-568.061370,-409.519710,0.000000
-520.945070,-375.553220,0.000000
-290.746290,-209.601190,0.000000
25.163800,18.140770,0.000000
310.986560,224.192550,0.000000
470.497260,339.185010,0.000000
453.769630,327.125940,0.000000
269.071900,193.975950,0.000000
-21.048990,-15.174380,0.000000
-317.164460,-228.646240,0.000000
-511.719510,-368.902440,0.000000
-523.212480,-377.187800,0.000000
-328.050850,-236.494320,0.000000
22.258870,16.046590,0.000000
408.410120,294.425920,0.000000
679.438250,489.812140,0.000000
708.558330,510.805020,0.000000
450.103690,324.483130,0.000000
-28.435780,-20.499560,0.000000
-557.534640,-401.930910,0.000000
-923.675630,-665.884700,0.000000
-954.577180,-688.161860,0.000000
-598.863010,-431.724840,0.000000
37.733150,27.202110,0.000000
720.091540,519.119400,0.000000
1171.641190,844.644930,0.000000
1187.948310,856.400860,0.000000
729.992880,526.257350,0.000000
-47.384300,-34.159700,0.000000
-847.642000,-611.071490,0.000000
-1349.443830,-972.824200,0.000000
-1339.130330,-965.389110,0.000000
-804.421070,-579.913190,0.000000
54.507270,39.294700,0.000000
902.258340,650.444810,0.000000
1404.089340,1005.420410,0.000000
1363.062350,976.042390,0.000000
799.960200,572.824170,0.000000
-56.986340,-40.805970,0.000000
-867.513180,-621.196550,0.000000
-1319.302400,-944.707380,0.000000
-1252.622050,-896.959860,0.000000
-717.949320,-514.098980,0.000000
54.073060,38.719870,0.000000
753.837610,547.542060,0.000000
1120.339380,813.746780,0.000000
1040.710810,755.909410,0.000000
582.819320,423.324710,0.000000
-46.644750,-33.879930,0.000000
-595.117270,-432.257200,0.000000
-866.502600,-629.375100,0.000000
-790.489900,-574.164070,0.000000
-434.847040,-315.846600,0.000000
36.908260,26.807930,0.000000
438.645670,318.605690,0.000000
633.431580,460.086400,0.000000
576.521780,418.750560,0.000000
318.087810,231.039750,0.000000
-27.768040,-20.169020,0.000000
-331.056010,-240.459070,0.000000
-490.587510,-356.333100,0.000000
-462.575540,-335.986910,0.000000
-267.415110,-194.234170,0.000000
21.943760,15.938620,0.000000
304.407180,221.102970,0.000000
480.536210,349.032450,0.000000
482.606160,350.535930,0.000000
297.876050,216.359150,0.000000
-21.171370,-15.377610,0.000000
-366.641410,-266.306150,0.000000
-606.274730,-440.361310,0.000000
-630.646980,-458.063840,0.000000
-400.396460,-290.823780,0.000000
25.677280,18.650420,0.000000
499.208840,362.595120,0.000000
830.328790,603.100630,0.000000
862.578400,626.524790,0.000000
544.422980,395.435930,0.000000
-34.119700,-24.782490,0.000000
-662.604390,-481.275760,0.000000
-1085.930310,-788.754120,0.000000
-1109.285540,-805.717940,0.000000
-687.037820,-499.022730,0.000000
43.978980,31.943670,0.000000
808.131050,586.977530,0.000000
1296.939910,942.018730,0.000000
1297.244080,942.239660,0.000000
785.737530,570.712230,0.000000
-52.319680,-38.001850,0.000000
-892.423250,-648.202290,0.000000
-1400.416770,-998.690480,0.000000
-1370.444770,-977.316300,0.000000
-811.113030,-578.435560,0.000000
56.651750,40.400510,0.000000
890.356700,634.947230,0.000000
1365.551680,973.826850,0.000000
1307.068320,932.120140,0.000000
755.597430,538.845270,0.000000
-55.687470,-39.712850,0.000000
-802.550550,-580.303470,0.000000
-1202.738120,-869.668720,0.000000
-1126.004910,-814.184930,0.000000
-635.738370,-459.685910,0.000000
49.713280,35.946390,0.000000
655.171010,473.737150,0.000000
960.495360,694.509270,0.000000
881.212630,637.181980,0.000000
487.254580,352.321140,0.000000
-40.572230,-29.336730,0.000000
-492.136740,-355.851300,0.000000
-711.012550,-514.114720,0.000000
-645.640810,-466.846110,0.000000
-354.394860,-256.253730,0.000000
30.863650,22.316710,0.000000
362.036470,261.779170,0.000000
528.641430,382.246900,0.000000
489.496250,353.942030,0.000000
276.757390,200.116080,0.000000
-23.559720,-17.035420,0.000000
-303.635450,-219.550910,0.000000
-467.725220,-338.199970,0.000000
-459.307910,-332.113630,0.000000
-277.475950,-200.635660,0.000000
20.839750,15.068680,0.000000
334.340770,241.753130,0.000000
546.421410,395.103140,0.000000
564.075950,407.868680,0.000000
356.340960,257.660900,0.000000
-23.509500,-16.999110,0.000000
-444.997480,-321.766130,0.000000
-741.274130,-535.996080,0.000000
-772.563320,-558.620490,0.000000
-489.849060,-354.197140,0.000000
30.773890,22.251800,0.000000
602.629630,435.745850,0.000000
994.216930,718.892460,0.000000
1022.657800,739.457310,0.000000
638.216300,461.477640,0.000000
-40.465080,-29.259250,0.000000
-760.258550,-549.723220,0.000000
-1229.868140,-889.285730,0.000000
-1239.817010,-896.479500,0.000000
-757.226700,-547.530980,0.000000
49.695930,35.933840,0.000000
870.910320,629.732650,0.000000
1378.002730,991.932810,0.000000
1359.327060,978.489430,0.000000
811.415910,584.084520,0.000000
-55.713590,-40.104520,0.000000
-901.607160,-649.007220,0.000000
-1394.472810,-1003.788520,0.000000
-1345.570550,-968.587030,0.000000
-784.632820,-564.805150,0.000000
56.726900,40.833930,0.000000
843.204250,608.268120,0.000000
1274.373280,919.303530,0.000000
1202.650250,867.564190,0.000000
684.862310,494.043890,0.000000
-52.430620,-37.822240,0.000000
-713.169280,-514.463890,0.000000
-1053.490280,-759.963620,0.000000
-973.153220,-702.010320,0.000000
-541.832460,-390.865460,0.000000
44.109550,31.819610,0.000000
550.128430,396.849980,0.000000
797.655940,575.410630,0.000000
725.478980,523.343820,0.000000
398.175010,287.234280,0.000000
-34.235930,-24.697010,0.000000
-402.743190,-290.529660,0.000000
-583.103230,-420.637240,0.000000
-533.429260,-384.803580,0.000000
-296.695160,-214.029060,0.000000
25.758140,18.581330,0.000000
314.942010,227.191910,0.000000
473.777820,341.772410,0.000000
454.244470,327.681500,0.000000
267.641300,193.070270,0.000000
-21.196010,-15.290310,0.000000
-312.884210,-225.707460,0.000000
-502.254280,-362.314670,0.000000
-511.517970,-368.997280,0.000000
-319.636450,-230.578370,0.000000
21.910660,15.805840,0.000000
397.184950,286.520080,0.000000
660.049120,476.144230,0.000000
688.185490,496.441160,0.000000
437.234990,315.411250,0.000000
-27.684940,-19.971280,0.000000
-542.717950,-391.504230,0.000000
-900.134860,-649.336560,0.000000
-931.596230,-672.032070,0.000000
-585.360270,-422.265420,0.000000
36.798820,26.545820,0.000000
706.113940,509.374330,0.000000
1150.965420,830.279940,0.000000
1169.213900,843.443980,0.000000
719.872520,519.299460,0.000000
-46.533100,-33.567910,0.000000
-838.676320,-605.001780,0.000000
-1337.787930,-965.049400,0.000000
-1330.223620,-959.592680,0.000000
-800.683570,-577.594680,0.000000
53.988960,38.946390,0.000000
900.902370,649.890220,0.000000
1404.929980,1003.735500,0.000000
1366.645600,976.383680,0.000000
803.713730,574.203710,0.000000
-56.941660,-40.681290,0.000000
-874.245310,-624.594160,0.000000
-1332.408960,-951.923720,0.000000
-1267.622560,-905.637850,0.000000
-728.056840,-520.151550,0.000000
54.514380,38.947150,0.000000
766.652350,557.463880,0.000000
1141.783550,832.592770,0.000000
1062.668500,774.901780,0.000000
596.263640,434.797640,0.000000
-47.426240,-34.583390,0.000000
-610.183070,-444.947740,0.000000
-889.892110,-648.912600,0.000000
-812.857400,-592.738610,0.000000
-447.605650,-326.395680,0.000000
37.792570,27.558480,0.000000
451.470000,329.213580,0.000000
651.804250,475.298060,0.000000
592.639410,432.154840,0.000000
326.388800,238.003910,0.000000
-28.481830,-20.769050,0.000000
-337.808940,-246.331520,0.000000
-498.470860,-363.486780,0.000000
-467.640740,-341.005350,0.000000
-268.736610,-195.963730,0.000000
22.304380,16.264440,0.000000
303.070530,221.000140,0.000000
475.586060,346.799100,0.000000
475.112460,346.453750,0.000000
291.831010,212.804250,0.000000
-21.041870,-15.343810,0.000000
-357.607150,-260.768450,0.000000
-589.970610,-430.208740,0.000000
-612.829810,-446.877750,0.000000
-388.792350,-283.508810,0.000000
25.110660,18.310790,0.000000
485.163030,353.782670,0.000000
807.534290,588.856980,0.000000
839.750660,612.349270,0.000000
530.724910,387.006560,0.000000
-33.298220,-24.281190,0.000000
-647.725570,-472.323870,0.000000
-1063.441960,-775.465790,0.000000
-1088.251400,-793.556930,0.000000
-675.333030,-492.455330,0.000000
43.162770,31.474450,0.000000
796.847930,581.064440,0.000000
1281.429470,934.423090,0.000000
1284.247920,936.478310,0.000000
779.522690,568.430820,0.000000
-51.763820,-37.746370,0.000000
-888.089510,-647.598140,0.000000
-1396.534000,-997.003000,0.000000
-1369.373980,-977.613130,0.000000
-812.243700,-579.870890,0.000000
56.538780,40.363740,0.000000
894.260100,638.423420,0.000000
1374.454000,981.239820,0.000000
1318.240670,941.108420,0.000000
763.746070,545.247820,0.000000
-56.063450,-40.024400,0.000000
-813.519600,-587.169340,0.000000
-1221.768360,-881.828690,0.000000
-1146.085120,-827.203240,0.000000
-648.481490,-468.050740,0.000000
50.480560,36.435060,0.000000
669.930110,483.531590,0.000000
983.979660,710.201320,0.000000
904.212270,652.628070,0.000000
500.800990,361.460240,0.000000
-41.452760,-29.919120,0.000000
-506.282620,-365.416680,0.000000
-731.951450,-528.296370,0.000000
-664.703170,-479.758970,0.000000
-364.715700,-263.238740,0.000000
31.669400,22.857840,0.000000
371.378410,268.047650,0.000000
540.789230,390.322320,0.000000
498.933150,360.112100,0.000000
280.780190,202.657090,0.000000
-24.046030,-17.355560,0.000000
-305.358050,-220.396520,0.000000
-467.463190,-337.398210,0.000000
-456.306180,-329.345470,0.000000
-274.011660,-197.771810,0.000000
20.850630,15.049240,0.000000
327.938940,236.694600,0.000000
533.821820,385.293490,0.000000
549.523130,396.626130,0.000000
346.426210,250.038040,0.000000
-23.036160,-16.626680,0.000000
-432.392820,-312.085670,0.000000
-720.091500,-519.736290,0.000000
-750.807350,-541.905880,0.000000
-476.446370,-343.881940,0.000000
29.948270,21.615590,0.000000
587.588660,424.100470,0.000000
970.760050,700.659870,0.000000
1000.173030,721.889110,0.000000
625.260480,451.290640,0.000000
-39.525640,-28.528200,0.000000
-747.275390,-539.356640,0.000000
-1211.125100,-874.146770,0.000000
-1223.306700,-882.939010,0.000000
-748.615910,-540.324180,0.000000
48.915100,35.305170,0.000000
863.865890,623.507500,0.000000
1369.556960,988.497210,0.000000
1353.714090,977.062400,0.000000
809.705290,584.416310,0.000000
-55.315650,-39.924860,0.000000
-902.612280,-651.473250,0.000000
-1398.839160,-1008.792850,0.000000
-1352.530460,-975.396670,0.000000
-790.321370,-569.951550,0.000000
56.821830,40.977880,0.000000
851.969740,614.410160,0.000000
1290.246670,930.479830,0.000000
1220.109920,879.899710,0.000000
696.242170,502.105000,0.000000
-52.983370,-38.209720,0.000000
-727.028850,-525.234700,0.000000
-1076.140130,-777.446640,0.000000
-995.914200,-719.488220,0.000000
-555.503430,-401.317880,0.000000
44.944930,32.470010,0.000000
565.024060,408.195960,0.000000
820.340460,592.646740,0.000000
746.756940,539.487060,0.000000
410.048040,296.235090,0.000000
-35.100570,-25.358050,0.000000
-414.233090,-299.258540,0.000000
-599.050040,-432.777690,0.000000
-546.889580,-395.094890,0.000000
-303.223710,-219.060930,0.000000
26.383270,19.060330,0.000000
319.592650,230.886510,0.000000
478.236060,345.496850,0.000000
455.875180,329.342450,0.000000
266.866470,192.795000,0.000000
-21.388780,-15.452110,0.000000
-309.304760,-223.454120,0.000000
-493.901340,-356.814070,0.000000
-500.836970,-361.824640,0.000000
-311.811930,-225.265400,0.000000
21.605390,15.608600,0.000000
386.435550,279.176490,0.000000
641.378570,463.357510,0.000000
668.378020,482.863000,0.000000
424.668870,306.797770,0.000000
-27.025630,-19.524400,0.000000
-527.994710,-381.444480,0.000000
-876.714280,-633.373440,0.000000
-908.566600,-656.384820,0.000000
-571.802640,-413.093080,0.000000
35.952340,25.973410,0.000000
691.799740,499.783780,0.000000
1129.780280,816.198430,0.000000
1149.828980,830.682410,0.000000
709.371290,512.478170,0.000000
-45.764470,-33.062080,0.000000
-829.029040,-598.923710,0.000000
-1325.154720,-957.344730,0.000000
-1320.262390,-953.810320,0.000000
-796.374100,-575.332480,0.000000
53.541730,38.680690,0.000000
898.790850,649.322430,0.000000
1404.618190,1002.061400,0.000000
1369.078780,976.707410,0.000000
806.886290,575.636570,0.000000
-56.963470,-40.638020,0.000000
-880.292550,-628.004950,0.000000
-1344.486960,-959.163480,0.000000
-1281.692700,-914.365760,0.000000
-737.773680,-526.331300,0.000000
55.011410,39.245410,0.000000
779.048250,565.111530,0.000000
1162.682190,845.862290,0.000000
1084.211040,788.773790,0.000000
609.633110,443.513850,0.000000
-48.266670,-35.114460,0.000000
-625.229190,-454.860150,0.000000
-913.383090,-664.494840,0.000000
-835.450490,-607.798130,0.000000
-460.652250,-335.128870,0.000000
38.738640,28.182730,0.000000
464.674500,338.055100,0.000000
670.883110,488.073810,0.000000
609.544470,443.449360,0.000000
335.229580,243.882690,0.000000
-29.265920,-21.291240,0.000000
-345.230200,-251.158240,0.000000
-507.449330,-369.174190,0.000000
-473.815620,-344.705340,0.000000
-270.743330,-196.968340,0.000000
22.670220,16.492800,0.000000
302.491360,220.065330,0.000000
471.786890,343.229420,0.000000
468.713660,340.993620,0.000000
286.412980,208.368150,0.000000
-20.914920,-15.215800,0.000000
-349.229090,-254.067470,0.000000
-574.521620,-417.969910,0.000000
-595.758160,-433.419690,0.000000
-377.568750,-274.684840,0.000000
24.522880,17.840630,0.000000
471.466380,342.996250,0.000000
785.039310,571.123520,0.000000
817.091310,594.441650,0.000000
517.048800,376.157890,0.000000
-32.415180,-23.582350,0.000000
-632.801800,-460.369300,0.000000
-1040.600390,-757.046630,0.000000
-1066.751240,-776.071620,0.000000
-663.285840,-482.546720,0.000000
42.240490,30.730360,0.000000
785.156670,571.208910,0.000000
1265.046510,920.333300,0.000000
1270.338720,924.183440,0.000000
772.700730,562.147090,0.000000
-51.069710,-37.153700,0.000000
-883.126810,-642.483110,0.000000
-1391.489830,-995.304770,0.000000
-1367.182280,-977.918070,0.000000
-812.597870,-581.234960,0.000000
56.269690,40.248580,0.000000
897.514230,641.973930,0.000000
1382.247180,988.693690,0.000000
1328.419840,950.192070,0.000000
771.240040,551.652530,0.000000
-56.294880,-40.266600,0.000000
-824.035470,-594.169860,0.000000
-1240.077120,-894.156230,0.000000
-1165.607200,-840.459780,0.000000
-660.873910,-476.522400,0.000000
51.132230,36.868840,0.000000
684.582400,493.617380,0.000000
1007.342870,726.343460,0.000000
927.259400,668.599360,0.000000
514.385090,370.896800,0.000000
-42.324810,-30.518250,0.000000
-520.718050,-375.463170,0.000000
-753.405410,-543.242140,0.000000
-684.410680,-493.493570,0.000000
-375.433250,-270.705730,0.000000
32.492620,23.428770,0.000000
381.271120,274.915120,0.000000
553.937160,399.415770,0.000000
509.429530,367.323600,0.000000
285.425110,205.805460,0.000000
-24.567870,-17.714640,0.000000
-307.800560,-221.939250,0.000000
-468.395690,-337.736190,0.000000
-454.465810,-327.692070,0.000000
-271.188470,-195.540150,0.000000
20.907470,15.075310,0.000000
322.196910,232.319720,0.000000
522.255500,376.571750,0.000000
535.896940,386.407900,0.000000
336.964460,242.967850,0.000000
-22.603500,-16.298230,0.000000
-420.171520,-302.964210,0.000000
-699.478210,-504.357990,0.000000
-729.458940,-525.975560,0.000000
-463.155290,-333.957610,0.000000
29.145570,21.015380,0.000000
572.522360,412.816610,0.000000
947.245840,683.010560,0.000000
977.465440,704.800370,0.000000
612.152510,441.391890,0.000000
-38.586980,-27.823100,0.000000
-733.850520,-529.142100,0.000000
-1191.724890,-859.291910,0.000000
-1206.012380,-869.593890,0.000000
-739.558280,-533.257680,0.000000
48.211380,34.762760,0.000000
856.071710,617.269560,0.000000
1360.051650,980.663730,0.000000
1346.984340,971.241560,0.000000
807.398470,582.173770,0.000000
-54.989300,-39.649970,0.000000
-902.771430,-650.942340,0.000000
-1402.071820,-1007.120100,0.000000
-1358.379160,-975.735300,0.000000
-795.465010,-571.389280,0.000000
56.978290,40.927990,0.000000
860.022340,617.761350,0.000000
1305.252670,937.574080,0.000000
1236.792230,888.398370,0.000000
707.305380,508.063460,0.000000
-53.594430,-38.497340,0.000000
-740.572920,-536.234480,0.000000
-1098.456150,-795.370780,0.000000
-1018.464190,-737.450150,0.000000
-569.198620,-412.145670,0.000000
45.839500,33.191490,0.000000
580.013710,419.976670,0.000000
843.303290,610.619540,0.000000
768.428890,556.404450,0.000000
422.297740,305.777600,0.000000
-36.028610,-26.087610,0.000000
-426.197160,-308.601100,0.000000
-615.836760,-445.915450,0.000000
-561.254470,-406.393470,0.000000
-310.385470,-224.744100,0.000000
27.080520,19.608480,0.000000
324.957390,235.295340,0.000000
483.839740,350.338960,0.000000
458.646080,332.096730,0.000000
266.810600,193.192380,0.000000
-21.663800,-15.686340,0.000000
-306.467100,-221.906880,0.000000
-486.651670,-352.375030,0.000000
-491.186050,-355.658290,0.000000
-304.563680,-220.528650,0.000000
21.387590,15.486340,0.000000
376.231670,272.422050,0.000000
623.430530,451.413950,0.000000
649.174130,470.054390,0.000000
412.391720,298.604840,0.000000
-26.336120,-19.069470,0.000000
-513.463060,-371.788640,0.000000
-853.418160,-617.943530,0.000000
-885.532570,-641.196950,0.000000
-558.165840,-404.157060,0.000000
35.029490,25.364180,0.000000
677.330930,490.442180,0.000000
1108.070430,802.332300,0.000000
1129.819370,818.080280,0.000000
698.439640,505.726590,0.000000
-44.881110,-32.497540,0.000000
-818.897360,-592.947690,0.000000
-1311.504890,-949.635240,0.000000
-1309.241580,-947.996420,0.000000
-791.417360,-573.049950,0.000000
52.947780,38.338460,0.000000
895.932020,648.726990,0.000000
1403.124300,1000.375190,0.000000
1370.322800,976.988950,0.000000
809.385690,577.061750,0.000000
-56.940080,-40.596150,0.000000
-885.723310,-631.487620,0.000000
-1355.530940,-966.442900,0.000000
-1294.896980,-923.213160,0.000000
-746.902540,-532.513600,0.000000
55.373040,39.478910,0.000000
791.001660,572.877540,0.000000
1183.035970,857.690340,0.000000
1105.354050,801.371650,0.000000
622.830470,451.546430,0.000000
-49.083600,-35.585160,0.000000
-640.273720,-464.192640,0.000000
-936.927670,-679.264060,0.000000
-858.287070,-622.250330,0.000000
-473.838360,-343.528510,0.000000
39.628900,28.730590,0.000000
478.230630,346.712860,0.000000
690.647580,500.713230,0.000000
627.236620,454.740850,0.000000
344.591420,249.825650,0.000000
-30.072160,-21.802050,0.000000
-353.330390,-256.161330,0.000000
-517.507320,-375.188110,0.000000
-481.092790,-348.787910,0.000000
-273.394680,-198.208660,0.000000
23.079980,16.732770,0.000000
302.673660,219.435650,0.000000
469.176510,340.148710,0.000000
463.447900,335.995520,0.000000
281.637730,204.184790,0.000000
-20.870850,-15.131180,0.000000
-341.450610,-247.548590,0.000000
-559.983820,-405.983180,0.000000
-579.482630,-420.119650,0.000000
-366.713990,-265.864320,0.000000
23.974720,17.381460,0.000000
458.003870,332.048650,0.000000
762.954970,553.135420,0.000000
794.690190,576.143170,0.000000
503.433070,364.984410,0.000000
-31.617540,-22.922430,0.000000
-617.729730,-447.848450,0.000000
-1017.491630,-737.672190,0.000000
-1044.857560,-757.512250,0.000000
-650.853180,-471.862650,0.000000
41.314590,29.952700,0.000000
773.007170,560.423180,0.000000
1247.872290,904.696080,0.000000
1255.528110,910.246480,0.000000
765.292100,554.829820,0.000000
-50.447570,-36.574030,0.000000
-877.361760,-636.079310,0.000000
-1385.292330,-993.604980,0.000000
-1363.804920,-978.193080,0.000000
-812.347880,-582.658900,0.000000
55.960780,40.138030,0.000000
900.028910,645.548380,0.000000
1388.950690,996.228950,0.000000
1337.552170,959.363210,0.000000
778.327000,558.257320,0.000000
-56.585690,-40.586250,0.000000
-833.911770,-601.181490,0.000000
-1257.617700,-906.638450,0.000000
-1184.454590,-853.893900,0.000000
-673.037280,-485.204270,0.000000
51.751100,37.308270,0.000000
699.029040,503.942180,0.000000
1030.543180,742.936490,0.000000
950.268050,685.064750,0.000000
528.154890,380.756030,0.000000
-43.260240,-31.187060,0.000000
-535.316100,-385.918680,0.000000
-775.323850,-558.944430,0.000000
-704.673720,-508.011530,0.000000
-386.614260,-278.716940,0.000000
33.327330,24.026250,0.000000
391.754600,282.422700,0.000000
568.055590,409.521140,0.000000
520.939290,375.554190,0.000000
290.706060,209.575050,0.000000
-25.169730,-18.145300,0.000000
-310.992310,-224.199760,0.000000
-470.492260,-339.186040,0.000000
-453.774890,-327.134200,0.000000
-269.077870,-193.982910,0.000000
21.005310,15.143100,0.000000
317.191680,228.668990,0.000000
511.713840,368.903400,0.000000
523.216650,377.195980,0.000000
328.011340,236.469080,0.000000
-22.264630,-16.050960,0.000000
-408.415690,-294.433970,0.000000
-679.422160,-489.807240,0.000000
-708.563770,-510.815930,0.000000
-450.109760,-324.491950,0.000000
28.365140,20.448920,0.000000
557.588830,401.975480,0.000000
923.669810,665.889620,0.000000
954.588900,688.179730,0.000000
598.795340,431.681960,0.000000
-37.739050,-27.206740,0.000000
-720.097440,-519.130760,0.000000
-1171.680900,-844.685130,0.000000
-1187.952870,-856.415870,0.000000
-729.998580,-526.268660,0.000000
47.277070,34.082860,0.000000
847.724750,611.139500,0.000000
1349.439190,972.834160,0.000000
1339.156710,965.421340,0.000000
804.328600,579.854460,0.000000
-54.509750,-39.297030,0.000000
-902.171190,-650.390890,0.000000
-1404.127050,-1005.433560,0.000000
-1363.064430,-976.030430,0.000000
-799.963960,-572.818970,0.000000
56.874750,40.725500,0.000000
867.511700,621.186930,0.000000
1319.301440,944.693680,0.000000
1252.656500,896.972170,0.000000
717.865240,514.031700,0.000000
-54.071870,-38.718480,0.000000
-753.765320,-547.482980,0.000000
-1120.360940,-813.752680,0.000000
-1040.709010,-755.899020,0.000000
-582.817510,-423.318320,0.000000
46.723060,33.936400,0.000000
595.118280,432.252740,0.000000
866.504160,629.368670,0.000000
790.517320,574.177090,0.000000
434.794260,315.804470,0.000000
-36.906660,-26.806440,0.000000
-438.604140,-318.571700,0.000000
-633.441350,-460.087970,0.000000
-576.519640,-418.743980,0.000000
-318.123900,-231.063190,0.000000
27.812900,20.201360,0.000000
331.058290,240.457840,0.000000
490.590160,356.330750,0.000000
462.591110,335.994180,0.000000
267.416760,194.233030,0.000000
-21.941540,-15.936820,0.000000
-304.374440,-221.076540,0.000000
-480.547610,-349.036540,0.000000
-482.604770,-350.530710,0.000000
-297.905840,-216.378190,0.000000
21.215860,15.409740,0.000000
366.642790,266.303950,0.000000
606.276110,440.357020,0.000000
630.637510,458.051450,0.000000
400.397410,290.820980,0.000000
-25.675810,-18.649130,0.000000
-499.154120,-362.551020,0.000000
-830.354190,-603.111840,0.000000
-862.577740,-626.516790,0.000000
-544.477850,-395.471040,0.000000
34.198670,24.839550,0.000000
662.605050,481.270460,0.000000
1085.930970,788.745120,0.000000
1109.264240,805.692800,0.000000
687.037800,499.016720,0.000000
-43.978060,-31.942620,0.000000
-808.047080,-586.909500,0.000000
-1296.940030,-942.007510,0.000000
-1297.245170,-942.229140,0.000000
-785.823050,-570.767500,0.000000
52.428100,38.080150,0.000000
892.421240,648.193050,0.000000
1400.379820,998.663860,0.000000
